Estimated,Observed
2.78341,11.4785
0.870436,11.5206
1.20847,7.69268
7.22052,21.0976
1.57183,100.698
0.2211,104.802
0.53064,71.1406
121.111,1117.06
