Est,Obs
11.5263,11.4785
11.4476,11.5206
7.29838,7.69268
16.158,21.0976
