Estimated,Observed
12.4087,12.4782
6.86008,6.90175
9.06612,9.11295
106.308,99.3252
41.4151,38.8982
82.5863,90.3841
55.9635,50.8083
76.9282,67.8537
48.1941,46.1417
