Estimated,Observed
11.4567,11.4785
11.5452,11.5206
7.03455,7.69268
20.2357,21.0976
77.1929,100.698
101.481,104.802
32.4079,71.1406
1536.94,1117.06
20.0312,17.5912
7.71647,1.01937
8.89539,10.461
34.3689,3.28421
43.9125,17.1904
69.0272,46.0558
