Estimated,Observed
10.9364,11.4785
12.1747,11.5206
8.60196,7.69268
16.0318,21.0976
68.5061,100.698
95.6235,104.802
40.8866,71.1406
1294.93,1117.06
