Estimated,Observed
10.7871,11.4785
11.9718,11.5206
7.13754,7.69268
21.2359,21.0976
79.2394,100.698
108.304,104.802
37.6589,71.1406
1519.7,1117.06
25.9503,17.5912
7.16238,1.01937
9.79129,10.461
33.7809,3.28421
44.2513,17.1904
76.5727,46.0558
