Estimated,Observed
11.4185,11.4785
11.4794,11.5206
7.17509,7.69268
19.4028,21.0976
76.8245,100.698
94.9799,104.802
36.957,71.1406
1397.57,1117.06
20.7338,17.5912
8.54635,1.01937
10.2401,10.461
35.664,3.28421
44.5559,17.1904
67.8002,46.0558
