Estimated,Observed
11.0903,11.4785
11.8188,11.5206
7.19178,7.69268
19.859,21.0976
72.3401,100.698
102.626,104.802
35.8711,71.1406
1309.69,1117.06
23.8346,17.5912
7.94283,1.01937
13.9606,10.461
34.4474,3.28421
47.3932,17.1904
71.1109,46.0558
