Estimated,Observed
11.0249,11.4785
11.8327,11.5206
7.18065,7.69268
19.1496,21.0976
74.0573,100.698
97.243,104.802
37.9071,71.1406
1354.06,1117.06
24.3485,17.5912
8.79749,1.01937
4.07175,10.461
36.679,3.28421
44.3055,17.1904
72.1509,46.0558
