Est,Obs
11.4494,11.4785
11.5548,11.5206
7.01972,7.69268
20.2478,21.0976
77.7521,100.698
102.099,104.802
32.4264,71.1406
1547.1,1117.06
19.9478,17.5912
7.67401,1.01937
8.86692,10.461
34.2758,3.28421
43.8538,17.1904
69.1424,46.0558