Est,Obs
11.4494,11.4785
11.5548,11.5206
7.01972,7.69268
20.2478,21.0976
