Estimated,Observed
1.02436,11.4785
11.0166,11.5206
4.86459,7.69268
27.4562,21.0976
0.120422,100.698
45.7102,104.802
8.99194,71.1406
1951.39,1117.06
