Estimated,Observed
1442.95,1244.58
1003.79,698.488
386.756,906.222
1.42352e+06,937925
735829,320209
167916,847230
1.01916e+06,537313
447816,727523
331795,473556
